[{"date":"2020-12-03T00:00:00Z","event":"http://www.wikidata.org/entity/Q61439180","eventLabel":"2019–20 Biathlon World Cup – Stage 8"},{"date":"2020-12-09T00:00:00Z","event":"http://www.wikidata.org/entity/Q65204032"},{"date":"2020-12-09T00:00:00Z","event":"http://www.wikidata.org/entity/Q65204057"},{"date":"2020-12-09T00:00:00Z","event":"http://www.wikidata.org/entity/Q65272745","eventLabel":"True Beauty"},{"date":"2020-12-09T00:00:00Z","event":"http://www.wikidata.org/entity/Q65486271"},{"date":"2020-12-09T00:00:00Z","event":"http://www.wikidata.org/entity/Q65486272"},{"date":"2020-12-04T00:00:00Z","event":"http://www.wikidata.org/entity/Q68249892","eventLabel":"Selena: The Series"},{"date":"2020-12-06T00:00:00Z","event":"http://www.wikidata.org/entity/Q76733622","eventLabel":"Thirty-fourth Conference on Neural Information Processing Systems"},{"date":"2020-12-13T00:00:00Z","event":"http://www.wikidata.org/entity/Q79768715","eventLabel":"2020 European Cross Country Championships"},{"date":"2020-11-23T00:00:00Z","event":"http://www.wikidata.org/entity/Q85747543","eventLabel":"Black Narcissus"}]